{"epoch":0,"test/cluster/mIoU":19.743274688720703,"loss/pos_inter":-0.13654106855392456,"loss/cluster":-0.4813646376132965,"loss/linear":1.051672339439392,"cd/pos_inter":0.2998145520687103,"test/linear/mIoU":37.766971588134766,"_step":2100,"test/linear/Accuracy":71.47494506835938,"trainer/global_step":2199,"loss/local_pos_aug_loss":0.04026825353503227,"_wandb":{"runtime":10402},"loss/cluster_eigen_loss":-0.31598642468452454,"cd/update_params":0.8999999761581421,"_runtime":10402,"test/cluster/Accuracy":51.66053009033203,"cd/neg_inter":0.00845262873917818,"loss/total":0.31375154852867126,"plot_labels":{"filenames":["media/images/plot_labels_2001_0839394cc5d7d1535812.png"],"_type":"images/separated","width":1200,"height":1200,"format":"png","count":1},"loss/neg_inter":0.028396667912602425,"_timestamp":1.7760831770317533e+09,"loss/local_pos_loss":0.039733752608299255}