{"loss/cluster_eigen_loss":-0.305063933134079,"loss/total":1.2311632633209229,"cd/pos_inter":0.20357681810855865,"loss/cluster":-0.18880634009838104,"plot_labels":{"filenames":["media/images/plot_labels_1_9c38892eff3b5d59d4b8.png"],"_type":"images/separated","width":1200,"height":1200,"format":"png","count":1},"loss/neg_inter":0.03431739658117294,"_step":99,"_wandb":{"runtime":494},"cd/update_params":0,"loss/local_pos_loss":0.058141883462667465,"cd/neg_inter":0.01769918017089367,"_runtime":494.2877778,"loss/local_pos_aug_loss":0.058852627873420715,"loss/linear":1.7198492288589478,"_timestamp":1.7760724525253508e+09,"trainer/global_step":99,"epoch":0,"loss/pos_inter":-0.09299151599407196}