{"loss/local_pos_loss":0.059163764119148254,"trainer/global_step":49,"_runtime":193,"loss/linear":2.168842077255249,"cd/neg_inter":0.0017924419371411204,"cd/pos_inter":0.20237420499324799,"_step":4,"_wandb":{"runtime":193},"epoch":0,"_timestamp":1.7760710777969096e+09,"cd/update_params":0,"loss/total":1.7298038005828857,"loss/neg_inter":0.030746731907129288,"loss/cluster":-0.13394199311733246,"loss/pos_inter":-0.08757222443819046,"loss/local_pos_aug_loss":0.06424492597579956,"loss/cluster_eigen_loss":-0.30917346477508545}