{"loss/local_pos_loss":0.05660960078239441,"trainer/global_step":59,"loss/neg_inter":0.028855208307504654,"loss/cluster_eigen_loss":-0.3102816641330719,"cd/pos_inter":0.19025374948978424,"loss/total":1.4956023693084717,"_runtime":260,"_step":5,"epoch":0,"loss/local_pos_aug_loss":0.057172901928424835,"_wandb":{"runtime":260},"loss/pos_inter":-0.09003036469221115,"_timestamp":1.7760718518011203e+09,"loss/linear":1.9426116943359375,"cd/update_params":0,"cd/neg_inter":0.0010161895770579576,"loss/cluster":-0.14134138822555542}