{"loss/cluster_eigen_loss":-0.3044412136077881,"loss/local_pos_loss":0.06090839207172394,"loss/neg_inter":0.026853268966078758,"cd/update_params":0,"loss/linear":1.6867878437042236,"loss/cluster":-0.1554994136095047,"_wandb":{"runtime":271},"_step":6,"cd/neg_inter":0.0027068823110312223,"_timestamp":1.776071598126833e+09,"cd/pos_inter":0.200394406914711,"loss/pos_inter":-0.09394873678684235,"epoch":0,"_runtime":271,"loss/local_pos_aug_loss":0.06083451956510544,"loss/total":1.2224266529083252,"trainer/global_step":69}